experience,education,charisma,age
0,4,3,7
0.25,0,0.33333,3
0.33333,3,0,5
0.14286,0.33333,0.2,0